{
  "calibration": {
    "best_zero-improvement-window-fire_pairs": {
      "example": {
        "R_low": 0.35,
        "R_med": 1.0
      },
      "nonimproving_instances_reached": 0
    },
    "candidate_pairs_examined": 78,
    "candidate_pairs_satisfying_criterion": 0,
    "criterion": "at least two of three held-out instances and zero fires in any window containing an improvement",
    "instances": [
      {
        "calls": 32,
        "candidates": 40,
        "candidates_per_call": 1.25,
        "duplicate_admissions": 24,
        "exact_optimum": 424,
        "improvement_trajectory": [
          null,
          null,
          null,
          null,
          null,
          null,
          null,
          498,
          486,
          486,
          440,
          440,
          440,
          440,
          440,
          440,
          440,
          440,
          440,
          440,
          440,
          440,
          440,
          440,
          440,
          440,
          440,
          440,
          440,
          440,
          440,
          440
        ],
        "retained_incumbent_edge_fractions": [
          0.42857142857142855,
          0.5,
          0.5,
          0.5714285714285714,
          0.42857142857142855,
          1.0,
          0.7142857142857143,
          0.7142857142857143,
          0.5714285714285714,
          0.5714285714285714,
          0.7142857142857143,
          1.0,
          0.8571428571428571,
          0.8571428571428571,
          1.0,
          0.7142857142857143,
          0.8571428571428571,
          1.0,
          1.0,
          0.8571428571428571,
          1.0,
          1.0,
          0.7142857142857143,
          1.0,
          0.8571428571428571,
          0.7857142857142857,
          1.0,
          0.8571428571428571,
          0.7857142857142857,
          1.0,
          0.7857142857142857,
          0.8571428571428571,
          1.0,
          0.8571428571428571,
          0.7857142857142857
        ],
        "seed": 20260701,
        "successful_calls": 14,
        "unique_canonical_tours": 12,
        "valid_admissions": 36,
        "validity_rate": 0.9,
        "verify_root": {
          "stats": {
            "accepted": 42,
            "artifacts": 45,
            "dropped_calls": 18,
            "events": 113,
            "gate_blocks": 1,
            "interventions": 0,
            "logged_tokens": 126448,
            "max_problem_desc_len": 508,
            "problems": 1,
            "process": {
              "engine_profile": "full",
              "manifest_present": true,
              "manifest_sha256": "3a4af9cb1dd02b4cd65fbae48bc9490dd7db1139a3a20303416ff6458423b338",
              "model_profile": "standard",
              "profile_totals": {
                "standard": {
                  "attempts": 88,
                  "calls": 32,
                  "eventual_valid": 14,
                  "first_pass_valid": 0,
                  "provider_transport_attempts": 88,
                  "repair_attempts": 56,
                  "schema_exhausted": 18,
                  "tokens": 126448,
                  "traced_calls": 32,
                  "transport_dropped": 0,
                  "usage_unknown_attempts": 0
                }
              }
            },
            "refuted": 3,
            "reseeds": 0,
            "trial_blocks": 0,
            "warrants": 3
          },
          "violations": []
        }
      },
      {
        "calls": 32,
        "candidates": 50,
        "candidates_per_call": 1.5625,
        "duplicate_admissions": 35,
        "exact_optimum": 344,
        "improvement_trajectory": [
          358,
          358,
          358,
          358,
          358,
          358,
          358,
          358,
          358,
          358,
          356,
          356,
          356,
          356,
          356,
          356,
          356,
          356,
          356,
          356,
          356,
          356,
          356,
          356,
          356,
          356,
          356,
          356,
          356,
          356,
          356,
          356
        ],
        "retained_incumbent_edge_fractions": [
          0.5714285714285714,
          0.8571428571428571,
          0.6428571428571429,
          0.8571428571428571,
          0.8571428571428571,
          1.0,
          0.6428571428571429,
          1.0,
          0.8571428571428571,
          0.8571428571428571,
          1.0,
          1.0,
          0.8571428571428571,
          1.0,
          1.0,
          0.8571428571428571,
          0.8571428571428571,
          1.0,
          0.8571428571428571,
          0.7142857142857143,
          1.0,
          0.7142857142857143,
          0.8571428571428571,
          0.8571428571428571,
          1.0,
          0.8571428571428571,
          0.7857142857142857,
          1.0,
          0.7857142857142857,
          1.0,
          0.8571428571428571,
          1.0,
          1.0,
          0.8571428571428571,
          0.7857142857142857,
          1.0,
          0.8571428571428571,
          0.7142857142857143,
          1.0,
          0.8571428571428571,
          0.7857142857142857,
          1.0,
          0.8571428571428571,
          0.8571428571428571,
          1.0,
          0.8571428571428571,
          0.7857142857142857
        ],
        "seed": 20260702,
        "successful_calls": 18,
        "unique_canonical_tours": 13,
        "valid_admissions": 48,
        "validity_rate": 0.96,
        "verify_root": {
          "stats": {
            "accepted": 52,
            "artifacts": 54,
            "dropped_calls": 14,
            "events": 120,
            "gate_blocks": 0,
            "interventions": 0,
            "logged_tokens": 123690,
            "max_problem_desc_len": 509,
            "problems": 1,
            "process": {
              "engine_profile": "full",
              "manifest_present": true,
              "manifest_sha256": "3a4af9cb1dd02b4cd65fbae48bc9490dd7db1139a3a20303416ff6458423b338",
              "model_profile": "standard",
              "profile_totals": {
                "standard": {
                  "attempts": 77,
                  "calls": 32,
                  "eventual_valid": 18,
                  "first_pass_valid": 6,
                  "provider_transport_attempts": 77,
                  "repair_attempts": 45,
                  "schema_exhausted": 14,
                  "tokens": 123690,
                  "traced_calls": 32,
                  "transport_dropped": 0,
                  "usage_unknown_attempts": 0
                }
              }
            },
            "refuted": 2,
            "reseeds": 0,
            "trial_blocks": 0,
            "warrants": 2
          },
          "violations": []
        }
      },
      {
        "calls": 32,
        "candidates": 96,
        "candidates_per_call": 3.0,
        "duplicate_admissions": 51,
        "exact_optimum": 408,
        "improvement_trajectory": [
          516,
          508,
          498,
          498,
          498,
          498,
          498,
          498,
          498,
          498,
          498,
          498,
          498,
          498,
          498,
          498,
          444,
          444,
          444,
          444,
          444,
          444,
          444,
          444,
          444,
          444,
          444,
          444,
          444,
          442,
          442,
          442
        ],